Time (s),System Output,ControllerOutput
0.000000,0.000000,2.002500
0.010000,0.020021,1.767198
0.020000,0.037685,1.880416
0.030000,0.056478,1.750096
0.040000,0.073964,1.791364
0.050000,0.091860,1.713128
0.060000,0.108969,1.719483
0.070000,0.126139,1.667310
0.080000,0.142783,1.656947
0.090000,0.159321,1.618027
0.100000,0.175466,1.599877
0.110000,0.191427,1.567899
0.120000,0.207064,1.546341
0.130000,0.222483,1.518188
0.140000,0.237617,1.495359
0.150000,0.252521,1.469486
0.160000,0.267162,1.446426
0.170000,0.281570,1.422060
0.180000,0.295731,1.399266
0.190000,0.309662,1.376015
0.200000,0.323358,1.353720
0.210000,0.336827,1.331379
0.220000,0.350071,1.309685
0.230000,0.363095,1.288143
0.240000,0.375902,1.267089
0.250000,0.388495,1.246279
0.260000,0.400877,1.225874
0.270000,0.413053,1.205751
0.280000,0.425026,1.185989
0.290000,0.436798,1.166522
0.300000,0.448374,1.147388
0.310000,0.459756,1.128553
0.320000,0.470947,1.110030
0.330000,0.481951,1.091802
0.340000,0.492771,1.073873
0.350000,0.503409,1.056232
0.360000,0.513868,1.038880
0.370000,0.524152,1.021807
0.380000,0.534263,1.005012
0.390000,0.544205,0.988488
0.400000,0.553979,0.972234
0.410000,0.563588,0.956242
0.420000,0.573036,0.940510
0.430000,0.582325,0.925033
0.440000,0.591457,0.909807
0.450000,0.600435,0.894829
0.460000,0.609261,0.880093
0.470000,0.617938,0.865597
0.480000,0.626469,0.851335
0.490000,0.634855,0.837306
0.500000,0.643100,0.823503
0.510000,0.651205,0.809926
0.520000,0.659172,0.796568
0.530000,0.667004,0.783427
0.540000,0.674704,0.770500
0.550000,0.682272,0.757783
0.560000,0.689712,0.745273
0.570000,0.697025,0.732965
0.580000,0.704214,0.720858
0.590000,0.711280,0.708947
0.600000,0.718226,0.697230
0.610000,0.725054,0.685704
0.620000,0.731764,0.674365
0.630000,0.738360,0.663210
0.640000,0.744843,0.652237
0.650000,0.751215,0.641442
0.660000,0.757478,0.630823
0.670000,0.763634,0.620376
0.680000,0.769684,0.610100
0.690000,0.775629,0.599990
0.700000,0.781473,0.590046
0.710000,0.787216,0.580263
0.720000,0.792860,0.570640
0.730000,0.798407,0.561173
0.740000,0.803858,0.551860
0.750000,0.809214,0.542699
0.760000,0.814478,0.533687
0.770000,0.819651,0.524822
0.780000,0.824735,0.516101
0.790000,0.829730,0.507524
0.800000,0.834638,0.499085
0.810000,0.839461,0.490784
0.820000,0.844200,0.482618
0.830000,0.848856,0.474586
0.839999,0.853431,0.466684
0.849999,0.857926,0.458912
0.859999,0.862343,0.451266
0.869999,0.866682,0.443746
0.879999,0.870946,0.436347
0.889999,0.875134,0.429070
0.899999,0.879249,0.421912
0.909999,0.883291,0.414870
0.919999,0.887263,0.407944
0.929999,0.891164,0.401130
0.939999,0.894996,0.394429
0.949999,0.898760,0.387835
0.959999,0.902458,0.381352
0.969999,0.906090,0.374972
0.979999,0.909658,0.368698
0.989999,0.913163,0.362527
0.999999,0.916604,0.356456
1.009999,0.919985,0.350485
1.019999,0.923305,0.344611
1.029999,0.926566,0.338834
1.039999,0.929768,0.333151
1.049999,0.932913,0.327562
1.059999,0.936002,0.322063
1.069999,0.939034,0.316656
1.079999,0.942012,0.311336
1.089999,0.944937,0.306105
1.099999,0.947808,0.300958
1.109999,0.950628,0.295897
1.119999,0.953396,0.290918
1.129999,0.956114,0.286021
1.139999,0.958782,0.281204
1.149999,0.961402,0.276466
1.159999,0.963974,0.271807
1.169999,0.966498,0.267224
1.179999,0.968977,0.262716
1.189999,0.971410,0.258283
1.199999,0.973798,0.253921
1.209999,0.976142,0.249633
1.219999,0.978442,0.245415
1.229999,0.980700,0.241265
1.239999,0.982916,0.237185
1.249999,0.985091,0.233171
1.259999,0.987225,0.229224
1.269999,0.989320,0.225342
1.279999,0.991375,0.221523
1.289999,0.993391,0.217768
1.299999,0.995370,0.214074
1.309999,0.997311,0.210442
1.319999,0.999216,0.206870
1.329999,1.001084,0.203357
1.339999,1.002917,0.199900
1.349999,1.004715,0.196503
1.359999,1.006479,0.193160
1.369999,1.008209,0.189875
1.379999,1.009905,0.186641
1.389999,1.011569,0.183462
1.399999,1.013201,0.180336
1.409999,1.014802,0.177261
1.419999,1.016371,0.174237
1.429999,1.017910,0.171264
1.439999,1.019419,0.168340
1.449999,1.020898,0.165465
1.459999,1.022348,0.162635
1.469999,1.023770,0.159855
1.479999,1.025163,0.157119
1.489999,1.026529,0.154432
1.499999,1.027868,0.151785
1.509999,1.029180,0.149186
1.519999,1.030465,0.146627
1.529999,1.031725,0.144113
1.539999,1.032960,0.141639
1.549999,1.034170,0.139207
1.559999,1.035355,0.136816
1.569999,1.036515,0.134465
1.579999,1.037653,0.132152
1.589999,1.038766,0.129879
1.599999,1.039857,0.127644
1.609999,1.040925,0.125445
1.619999,1.041971,0.123283
1.629999,1.042996,0.121158
1.639999,1.043998,0.119070
1.649999,1.044980,0.117013
1.659999,1.045941,0.114994
1.669999,1.046881,0.113008
1.679999,1.047802,0.111053
1.689999,1.048703,0.109134
1.699999,1.049584,0.107244
1.709999,1.050446,0.105391
1.719999,1.051290,0.103562
1.729999,1.052115,0.101770
1.739999,1.052922,0.100005
1.749999,1.053712,0.098271
1.759999,1.054483,0.096564
1.769999,1.055238,0.094890
1.779999,1.055976,0.093239
1.789999,1.056697,0.091621
1.799999,1.057401,0.090025
1.809999,1.058090,0.088461
1.819999,1.058763,0.086920
1.829999,1.059420,0.085408
1.839999,1.060062,0.083918
1.849999,1.060689,0.082457
1.859999,1.061301,0.081018
1.869999,1.061899,0.079606
1.879999,1.062483,0.078215
1.889999,1.063052,0.076850
1.899999,1.063608,0.075506
1.909999,1.064150,0.074188
1.919999,1.064679,0.072891
1.929999,1.065195,0.071614
1.939999,1.065698,0.070363
1.949998,1.066188,0.069129
1.959998,1.066666,0.067919
1.969998,1.067132,0.066730
1.979998,1.067585,0.065557
1.989998,1.068027,0.064410
1.999998,1.068458,0.063279
2.009999,1.068877,0.062170
2.019999,1.069284,0.061076
2.029999,1.069681,0.060006
2.039999,1.070067,0.058949
2.049999,1.070442,0.057914
2.059999,1.070807,0.056896
2.069999,1.071162,0.055894
2.079998,1.071507,0.054912
2.089998,1.071841,0.053946
2.099998,1.072166,0.052996
2.109998,1.072482,0.052063
2.119998,1.072788,0.051146
2.129998,1.073084,0.050246
2.139998,1.073372,0.049359
2.149998,1.073651,0.048491
2.159998,1.073921,0.047634
2.169998,1.074183,0.046795
2.179998,1.074436,0.045971
2.189998,1.074680,0.045159
2.199998,1.074917,0.044364
2.209998,1.075146,0.043579
2.219998,1.075366,0.042811
2.229998,1.075579,0.042057
2.239998,1.075785,0.041314
2.249998,1.075983,0.040584
2.259998,1.076173,0.039870
2.269998,1.076357,0.039164
2.279998,1.076533,0.038476
2.289998,1.076702,0.037795
2.299998,1.076865,0.037130
2.309998,1.077021,0.036473
2.319998,1.077170,0.035831
2.329998,1.077313,0.035199
2.339998,1.077449,0.034578
2.349998,1.077580,0.033969
2.359998,1.077704,0.033370
2.369998,1.077822,0.032784
2.379998,1.077934,0.032205
2.389998,1.078041,0.031639
2.399998,1.078141,0.031082
2.409998,1.078236,0.030536
2.419998,1.078326,0.029998
2.429998,1.078410,0.029474
2.439998,1.078489,0.028955
2.449998,1.078563,0.028447
2.459998,1.078632,0.027948
2.469998,1.078695,0.027459
2.479998,1.078754,0.026978
2.489998,1.078808,0.026506
2.499998,1.078857,0.026043
2.509998,1.078902,0.025586
2.519998,1.078942,0.025142
2.529998,1.078978,0.024703
2.539998,1.079009,0.024274
2.549998,1.079036,0.023851
2.559998,1.079058,0.023437
2.569998,1.079077,0.023031
2.579998,1.079091,0.022631
2.589998,1.079102,0.022241
2.599998,1.079108,0.021855
2.609998,1.079111,0.021480
2.619998,1.079110,0.021108
2.629998,1.079105,0.020746
2.639998,1.079096,0.020390
2.649998,1.079084,0.020041
2.659998,1.079069,0.019697
2.669998,1.079050,0.019362
2.679998,1.079028,0.019031
2.689998,1.079002,0.018709
2.699998,1.078973,0.018391
2.709998,1.078941,0.018078
2.719998,1.078906,0.017773
2.729998,1.078868,0.017474
2.739998,1.078827,0.017180
2.749998,1.078783,0.016893
2.759998,1.078737,0.016610
2.769998,1.078687,0.016334
2.779998,1.078634,0.016062
2.789998,1.078579,0.015797
2.799998,1.078521,0.015536
2.809998,1.078461,0.015281
2.819998,1.078398,0.015030
2.829998,1.078333,0.014783
2.839998,1.078265,0.014544
2.849998,1.078195,0.014307
2.859998,1.078122,0.014077
2.869998,1.078047,0.013850
2.879998,1.077970,0.013628
2.889998,1.077891,0.013411
2.899998,1.077809,0.013198
2.909998,1.077726,0.012989
2.919998,1.077640,0.012785
2.929998,1.077552,0.012586
2.939998,1.077463,0.012389
2.949998,1.077371,0.012199
2.959998,1.077277,0.012010
2.969998,1.077182,0.011827
2.979998,1.077085,0.011645
2.989998,1.076986,0.011470
2.999998,1.076885,0.011297
3.009998,1.076783,0.011128
3.019998,1.076679,0.010963
3.029998,1.076573,0.010801
3.039998,1.076466,0.010644
3.049998,1.076357,0.010488
3.059998,1.076246,0.010338
3.069998,1.076134,0.010190
3.079998,1.076021,0.010045
3.089998,1.075906,0.009903
3.099998,1.075790,0.009765
3.109998,1.075673,0.009630
3.119998,1.075554,0.009498
3.129997,1.075434,0.009369
3.139997,1.075312,0.009242
3.149997,1.075190,0.009120
3.159997,1.075066,0.008998
3.169997,1.074941,0.008881
3.179997,1.074815,0.008767
3.189997,1.074687,0.008654
3.199997,1.074559,0.008544
3.209997,1.074429,0.008438
3.219997,1.074299,0.008334
3.229997,1.074167,0.008231
3.239997,1.074035,0.008133
3.249997,1.073901,0.008035
3.259997,1.073767,0.007941
3.269997,1.073631,0.007849
3.279997,1.073495,0.007759
3.289997,1.073358,0.007671
3.299997,1.073220,0.007586
3.309997,1.073081,0.007504
3.319997,1.072942,0.007420
3.329997,1.072801,0.007345
3.339997,1.072660,0.007266
3.349997,1.072518,0.007193
3.359997,1.072376,0.007119
3.369997,1.072232,0.007049
3.379997,1.072088,0.006981
3.389997,1.071944,0.006913
3.399997,1.071799,0.006848
3.409997,1.071653,0.006786
3.419997,1.071506,0.006724
3.429997,1.071359,0.006666
3.439997,1.071212,0.006607
3.449997,1.071063,0.006552
3.459997,1.070915,0.006496
3.469997,1.070765,0.006445
3.479997,1.070616,0.006392
3.489997,1.070466,0.006345
3.499997,1.070315,0.006296
3.509997,1.070164,0.006251
3.519997,1.070012,0.006205
3.529997,1.069860,0.006163
3.539997,1.069708,0.006120
3.549997,1.069555,0.006081
3.559997,1.069402,0.006040
3.569997,1.069249,0.006004
3.579997,1.069095,0.005967
3.589997,1.068941,0.005933
3.599997,1.068786,0.005898
3.609997,1.068632,0.005867
3.619997,1.068477,0.005836
3.629997,1.068321,0.005806
3.639997,1.068166,0.005778
3.649997,1.068010,0.005750
3.659997,1.067854,0.005726
3.669997,1.067697,0.005701
3.679997,1.067541,0.005676
3.689997,1.067384,0.005654
3.699997,1.067227,0.005633
3.709997,1.067070,0.005612
3.719997,1.066913,0.005592
3.729997,1.066755,0.005575
3.739997,1.066598,0.005557
3.749997,1.066440,0.005541
3.759997,1.066282,0.005525
3.769997,1.066124,0.005512
3.779997,1.065966,0.005499
3.789997,1.065808,0.005486
3.799997,1.065649,0.005475
3.809997,1.065491,0.005464
3.819997,1.065332,0.005455
3.829997,1.065174,0.005444
3.839997,1.065015,0.005438
3.849997,1.064857,0.005430
3.859997,1.064698,0.005424
3.869997,1.064539,0.005418
3.879997,1.064381,0.005413
3.889997,1.064222,0.005410
3.899997,1.064063,0.005405
3.909997,1.063904,0.005405
3.919997,1.063746,0.005402
3.929997,1.063587,0.005402
3.939997,1.063428,0.005400
3.949997,1.063269,0.005402
3.959997,1.063111,0.005403
3.969997,1.062952,0.005405
3.979997,1.062794,0.005407
3.989997,1.062635,0.005410
3.999997,1.062477,0.005414
4.009997,1.062318,0.005419
4.019997,1.062160,0.005421
4.029997,1.062002,0.005429
4.039998,1.061844,0.005435
4.049998,1.061686,0.005441
4.059998,1.061528,0.005448
4.069998,1.061370,0.005456
4.079998,1.061212,0.005464
4.089999,1.061055,0.005473
4.099999,1.060897,0.005482
4.109999,1.060740,0.005492
4.119999,1.060583,0.005503
4.130000,1.060426,0.005512
4.140000,1.060269,0.005526
4.150000,1.060112,0.005535
4.160000,1.059955,0.005550
4.170001,1.059799,0.005559
4.180001,1.059642,0.005576
4.190001,1.059486,0.005587
4.200001,1.059330,0.005603
4.210001,1.059174,0.005615
4.220002,1.059018,0.005632
4.230002,1.058863,0.005647
4.240002,1.058708,0.005662
4.250002,1.058553,0.005677
4.260003,1.058398,0.005695
4.270003,1.058243,0.005710
4.280003,1.058088,0.005727
4.290003,1.057934,0.005746
4.300004,1.057780,0.005763
4.310004,1.057626,0.005782
4.320004,1.057472,0.005798
4.330004,1.057319,0.005819
4.340004,1.057165,0.005837
4.350005,1.057012,0.005857
4.360005,1.056859,0.005876
4.370005,1.056707,0.005896
4.380005,1.056554,0.005916
4.390006,1.056402,0.005937
4.400006,1.056250,0.005956
4.410006,1.056099,0.005978
4.420006,1.055947,0.006000
4.430007,1.055796,0.006022
4.440007,1.055645,0.006042
4.450007,1.055494,0.006065
4.460007,1.055344,0.006087
4.470007,1.055194,0.006110
4.480008,1.055044,0.006131
4.490008,1.054894,0.006156
4.500008,1.054745,0.006178
4.510008,1.054595,0.006203
4.520009,1.054446,0.006225
4.530009,1.054298,0.006250
4.540009,1.054149,0.006273
4.550009,1.054001,0.006298
4.560009,1.053853,0.006321
4.570010,1.053706,0.006347
4.580010,1.053558,0.006371
4.590010,1.053411,0.006397
4.600010,1.053265,0.006419
4.610011,1.053118,0.006448
4.620011,1.052972,0.006470
4.630011,1.052826,0.006498
4.640011,1.052681,0.006522
4.650012,1.052535,0.006549
4.660012,1.052390,0.006575
4.670012,1.052245,0.006600
4.680012,1.052101,0.006626
4.690012,1.051957,0.006653
4.700013,1.051813,0.006680
4.710013,1.051669,0.006707
4.720013,1.051526,0.006731
4.730013,1.051383,0.006760
4.740014,1.051241,0.006786
4.750014,1.051098,0.006814
4.760014,1.050956,0.006840
4.770014,1.050814,0.006868
4.780015,1.050673,0.006896
4.790015,1.050532,0.006924
4.800015,1.050391,0.006950
4.810015,1.050250,0.006978
4.820015,1.050110,0.007006
4.830016,1.049970,0.007033
4.840016,1.049830,0.007063
4.850016,1.049691,0.007089
4.860016,1.049552,0.007117
4.870017,1.049413,0.007146
4.880017,1.049275,0.007175
4.890017,1.049137,0.007201
4.900017,1.048999,0.007231
4.910017,1.048861,0.007258
4.920018,1.048724,0.007288
4.930018,1.048587,0.007317
4.940018,1.048451,0.007344
4.950018,1.048314,0.007374
4.960019,1.048178,0.007401
4.970019,1.048043,0.007432
4.980019,1.047907,0.007459
4.990019,1.047773,0.007488
5.000020,1.047638,0.007518
5.010020,1.047503,0.007546
5.020020,1.047369,0.007575
5.030020,1.047236,0.007604
5.040020,1.047102,0.007632
5.050021,1.046969,0.007663
5.060021,1.046836,0.007691
5.070021,1.046704,0.007720
5.080021,1.046572,0.007749
5.090022,1.046440,0.007779
5.100022,1.046309,0.007807
5.110022,1.046177,0.007836
5.120022,1.046046,0.007866
5.130023,1.045916,0.007894
5.140023,1.045786,0.007925
5.150023,1.045656,0.007953
5.160023,1.045526,0.007983
5.170023,1.045397,0.008011
5.180024,1.045268,0.008042
5.190024,1.045139,0.008070
5.200024,1.045011,0.008101
5.210024,1.044883,0.008127
5.220025,1.044755,0.008159
5.230025,1.044628,0.008188
5.240025,1.044501,0.008217
5.250025,1.044374,0.008246
5.260026,1.044248,0.008275
5.270026,1.044122,0.008305
5.280026,1.043996,0.008334
5.290026,1.043870,0.008364
5.300026,1.043745,0.008391
5.310027,1.043620,0.008422
5.320027,1.043496,0.008450
5.330027,1.043372,0.008481
5.340027,1.043248,0.008510
5.350028,1.043124,0.008538
5.360028,1.043001,0.008569
5.370028,1.042878,0.008596
5.380028,1.042755,0.008627
5.390028,1.042633,0.008655
5.400029,1.042511,0.008684
5.410029,1.042390,0.008713
5.420029,1.042268,0.008743
5.430029,1.042147,0.008772
5.440030,1.042026,0.008801
5.450030,1.041906,0.008830
5.460030,1.041786,0.008858
5.470030,1.041666,0.008888
5.480031,1.041547,0.008916
5.490031,1.041427,0.008947
5.500031,1.041309,0.008974
5.510031,1.041190,0.009003
5.520031,1.041072,0.009033
5.530032,1.040954,0.009061
5.540032,1.040836,0.009091
5.550032,1.040719,0.009117
5.560032,1.040602,0.009148
5.570033,1.040486,0.009176
5.580033,1.040369,0.009205
5.590033,1.040253,0.009234
5.600033,1.040137,0.009260
5.610034,1.040022,0.009291
5.620034,1.039907,0.009319
5.630034,1.039792,0.009347
5.640034,1.039678,0.009376
5.650034,1.039563,0.009402
5.660035,1.039450,0.009433
5.670035,1.039336,0.009460
5.680035,1.039223,0.009488
5.690035,1.039110,0.009517
5.700036,1.038997,0.009545
5.710036,1.038885,0.009573
5.720036,1.038773,0.009601
5.730036,1.038661,0.009630
5.740036,1.038549,0.009657
5.750037,1.038438,0.009685
5.760037,1.038327,0.009713
5.770037,1.038217,0.009740
5.780037,1.038107,0.009769
5.790038,1.037997,0.009796
5.800038,1.037887,0.009825
5.810038,1.037778,0.009851
5.820038,1.037669,0.009880
5.830039,1.037560,0.009906
5.840039,1.037452,0.009935
5.850039,1.037343,0.009963
5.860039,1.037235,0.009988
5.870039,1.037128,0.010017
5.880040,1.037021,0.010044
5.890040,1.036914,0.010071
5.900040,1.036807,0.010099
5.910040,1.036701,0.010126
5.920041,1.036595,0.010153
5.930041,1.036489,0.010179
5.940041,1.036383,0.010207
5.950041,1.036278,0.010234
5.960042,1.036173,0.010260
5.970042,1.036068,0.010288
5.980042,1.035964,0.010314
5.990042,1.035860,0.010342
6.000042,1.035756,0.010367
6.010043,1.035653,0.010395
6.020043,1.035550,0.010421
6.030043,1.035447,0.010447
6.040043,1.035344,0.010474
6.050044,1.035242,0.010500
6.060044,1.035140,0.010527
6.070044,1.035038,0.010553
6.080044,1.034936,0.010580
6.090044,1.034835,0.010604
6.100045,1.034734,0.010632
6.110045,1.034634,0.010657
6.120045,1.034534,0.010684
6.130045,1.034433,0.010710
6.140046,1.034333,0.010737
6.150046,1.034234,0.010760
6.160046,1.034135,0.010788
6.170046,1.034036,0.010813
6.180047,1.033937,0.010839
6.190047,1.033839,0.010865
6.200047,1.033741,0.010891
6.210047,1.033643,0.010914
6.220047,1.033545,0.010941
6.230048,1.033448,0.010966
6.240048,1.033351,0.010992
6.250048,1.033254,0.011017
6.260048,1.033158,0.011043
6.270049,1.033061,0.011067
6.280049,1.032965,0.011093
6.290049,1.032870,0.011117
6.300049,1.032774,0.011143
6.310050,1.032679,0.011167
6.320050,1.032584,0.011193
6.330050,1.032490,0.011218
6.340050,1.032395,0.011242
6.350050,1.032301,0.011267
6.360051,1.032208,0.011292
6.370051,1.032114,0.011317
6.380051,1.032021,0.011341
6.390051,1.031928,0.011366
6.400052,1.031835,0.011390
6.410052,1.031742,0.011415
6.420052,1.031650,0.011438
6.430052,1.031558,0.011464
6.440053,1.031466,0.011486
6.450053,1.031375,0.011512
6.460053,1.031284,0.011534
6.470053,1.031193,0.011559
6.480053,1.031103,0.011582
6.490054,1.031012,0.011607
6.500054,1.030922,0.011630
6.510054,1.030832,0.011654
6.520054,1.030743,0.011678
6.530055,1.030653,0.011701
6.540055,1.030564,0.011725
6.550055,1.030475,0.011748
6.560055,1.030387,0.011773
6.570055,1.030298,0.011795
6.580056,1.030210,0.011821
6.590056,1.030122,0.011841
6.600056,1.030035,0.011866
6.610056,1.029947,0.011889
6.620057,1.029860,0.011913
6.630057,1.029773,0.011936
6.640057,1.029687,0.011959
6.650057,1.029600,0.011982
6.660058,1.029514,0.012005
6.670058,1.029428,0.012027
6.680058,1.029343,0.012050
6.690058,1.029257,0.012072
6.700058,1.029172,0.012095
6.710059,1.029087,0.012118
6.720059,1.029003,0.012141
6.730059,1.028918,0.012164
6.740059,1.028834,0.012185
6.750060,1.028750,0.012209
6.760060,1.028666,0.012230
6.770060,1.028583,0.012253
6.780060,1.028500,0.012275
6.790061,1.028417,0.012297
6.800061,1.028334,0.012319
6.810061,1.028251,0.012341
6.820061,1.028169,0.012363
6.830061,1.028087,0.012385
6.840062,1.028005,0.012407
6.850062,1.027924,0.012429
6.860062,1.027843,0.012450
6.870062,1.027761,0.012473
6.880063,1.027681,0.012493
6.890063,1.027600,0.012516
6.900063,1.027520,0.012536
6.910063,1.027439,0.012558
6.920063,1.027359,0.012581
6.930064,1.027280,0.012601
6.940064,1.027200,0.012623
6.950064,1.027121,0.012644
6.960064,1.027042,0.012664
6.970065,1.026963,0.012687
6.980065,1.026885,0.012707
6.990065,1.026806,0.012728
7.000065,1.026728,0.012749
7.010066,1.026650,0.012771
7.020066,1.026573,0.012791
7.030066,1.026495,0.012811
7.040066,1.026418,0.012832
7.050066,1.026341,0.012854
7.060067,1.026264,0.012874
7.070067,1.026188,0.012894
7.080067,1.026111,0.012915
7.090067,1.026035,0.012936
7.100068,1.025959,0.012956
7.110068,1.025884,0.012975
7.120068,1.025808,0.012997
7.130068,1.025733,0.013016
7.140069,1.025658,0.013037
7.150069,1.025583,0.013056
7.160069,1.025509,0.013078
7.170069,1.025434,0.013097
7.180069,1.025360,0.013117
7.190070,1.025286,0.013137
7.200070,1.025213,0.013156
7.210070,1.025139,0.013176
7.220070,1.025066,0.013197
7.230071,1.024993,0.013215
7.240071,1.024920,0.013235
7.250071,1.024847,0.013256
7.260071,1.024775,0.013275
7.270072,1.024703,0.013293
7.280072,1.024631,0.013314
7.290072,1.024559,0.013332
7.300072,1.024487,0.013353
7.310072,1.024416,0.013371
7.320073,1.024345,0.013390
7.330073,1.024274,0.013410
7.340073,1.024203,0.013429
7.350073,1.024132,0.013448
7.360074,1.024062,0.013466
7.370074,1.023992,0.013485
7.380074,1.023922,0.013505
7.390074,1.023852,0.013523
7.400074,1.023782,0.013543
7.410075,1.023713,0.013560
7.420075,1.023644,0.013579
7.430075,1.023575,0.013599
7.440075,1.023506,0.013615
7.450076,1.023438,0.013636
7.460076,1.023369,0.013652
7.470076,1.023301,0.013673
7.480076,1.023233,0.013690
7.490077,1.023165,0.013710
7.500077,1.023098,0.013727
7.510077,1.023030,0.013747
7.520077,1.022963,0.013763
7.530077,1.022896,0.013780
7.540078,1.022830,0.013800
7.550078,1.022763,0.013816
7.560078,1.022697,0.013836
7.570078,1.022630,0.013852
7.580079,1.022564,0.013872
7.590079,1.022499,0.013888
7.600079,1.022433,0.013907
7.610079,1.022367,0.013924
7.620080,1.022302,0.013942
7.630080,1.022237,0.013958
7.640080,1.022172,0.013977
7.650080,1.022108,0.013995
7.660080,1.022043,0.014011
7.670081,1.021979,0.014030
7.680081,1.021915,0.014046
7.690081,1.021851,0.014065
7.700081,1.021787,0.014081
7.710082,1.021723,0.014098
7.720082,1.021660,0.014115
7.730082,1.021597,0.014133
7.740082,1.021534,0.014149
7.750082,1.021471,0.014167
7.760083,1.021408,0.014184
7.770083,1.021346,0.014200
7.780083,1.021284,0.014218
7.790083,1.021222,0.014234
7.800084,1.021160,0.014252
7.810084,1.021098,0.014266
7.820084,1.021036,0.014285
7.830084,1.020975,0.014301
7.840085,1.020914,0.014317
7.850085,1.020853,0.014334
7.860085,1.020792,0.014351
7.870085,1.020731,0.014367
7.880085,1.020671,0.014384
7.890086,1.020610,0.014399
7.900086,1.020550,0.014416
7.910086,1.020490,0.014432
7.920086,1.020431,0.014447
7.930087,1.020371,0.014465
7.940087,1.020311,0.014481
7.950087,1.020252,0.014496
7.960087,1.020193,0.014513
7.970088,1.020134,0.014529
7.980088,1.020075,0.014544
7.990088,1.020017,0.014561
8.000088,1.019958,0.014576
8.010088,1.019900,0.014592
8.020088,1.019842,0.014608
8.030088,1.019784,0.014624
8.040089,1.019726,0.014639
8.050089,1.019669,0.014655
8.060089,1.019611,0.014671
8.070089,1.019554,0.014686
8.080090,1.019497,0.014702
8.090090,1.019440,0.014717
8.100090,1.019383,0.014732
8.110090,1.019327,0.014747
8.120090,1.019270,0.014763
8.130091,1.019214,0.014778
8.140091,1.019158,0.014793
8.150091,1.019102,0.014809
8.160091,1.019046,0.014824
8.170092,1.018991,0.014838
8.180092,1.018935,0.014854
8.190092,1.018880,0.014869
8.200092,1.018825,0.014885
8.210093,1.018770,0.014897
8.220093,1.018715,0.014913
8.230093,1.018661,0.014928
8.240093,1.018606,0.014943
8.250093,1.018552,0.014956
8.260094,1.018498,0.014972
8.270094,1.018444,0.014987
8.280094,1.018390,0.015002
8.290094,1.018336,0.015017
8.300095,1.018283,0.015030
8.310095,1.018229,0.015046
8.320095,1.018176,0.015059
8.330095,1.018123,0.015074
8.340096,1.018070,0.015087
8.350096,1.018018,0.015102
8.360096,1.017965,0.015116
8.370096,1.017913,0.015131
8.380096,1.017860,0.015145
8.390097,1.017808,0.015160
8.400097,1.017756,0.015173
8.410097,1.017704,0.015188
8.420097,1.017653,0.015202
8.430098,1.017601,0.015217
8.440098,1.017550,0.015229
8.450098,1.017498,0.015243
8.460098,1.017447,0.015257
8.470098,1.017396,0.015271
8.480099,1.017346,0.015285
8.490099,1.017295,0.015299
8.500099,1.017244,0.015313
8.510099,1.017194,0.015325
8.520100,1.017144,0.015340
8.530100,1.017094,0.015353
8.540100,1.017044,0.015367
8.550100,1.016994,0.015381
8.560101,1.016945,0.015394
8.570101,1.016895,0.015408
8.580101,1.016846,0.015421
8.590101,1.016797,0.015433
8.600101,1.016748,0.015447
8.610102,1.016699,0.015460
8.620102,1.016650,0.015474
8.630102,1.016601,0.015487
8.640102,1.016553,0.015501
8.650103,1.016504,0.015514
8.660103,1.016456,0.015528
8.670103,1.016408,0.015540
8.680103,1.016360,0.015552
8.690104,1.016313,0.015565
8.700104,1.016265,0.015578
8.710104,1.016218,0.015591
8.720104,1.016170,0.015604
8.730104,1.016123,0.015617
8.740105,1.016076,0.015630
8.750105,1.016029,0.015643
8.760105,1.015982,0.015656
8.770105,1.015935,0.015669
8.780106,1.015889,0.015682
8.790106,1.015842,0.015694
8.800106,1.015796,0.015706
8.810106,1.015750,0.015718
8.820107,1.015704,0.015731
8.830107,1.015658,0.015743
8.840107,1.015613,0.015755
8.850107,1.015567,0.015768
8.860107,1.015522,0.015780
8.870108,1.015476,0.015792
8.880108,1.015431,0.015805
8.890108,1.015386,0.015817
8.900108,1.015341,0.015829
8.910109,1.015296,0.015842
8.920109,1.015252,0.015854
8.930109,1.015207,0.015866
8.940109,1.015163,0.015877
8.950109,1.015119,0.015890
8.960110,1.015074,0.015901
8.970110,1.015031,0.015914
8.980110,1.014987,0.015925
8.990110,1.014943,0.015937
9.000111,1.014899,0.015949
9.010111,1.014856,0.015961
9.020111,1.014812,0.015973
9.030111,1.014769,0.015985
9.040112,1.014726,0.015997
9.050112,1.014683,0.016008
9.060112,1.014640,0.016020
9.070112,1.014597,0.016031
9.080112,1.014555,0.016043
9.090113,1.014512,0.016054
9.100113,1.014470,0.016066
9.110113,1.014428,0.016077
9.120113,1.014386,0.016088
9.130114,1.014344,0.016100
9.140114,1.014302,0.016111
9.150114,1.014260,0.016124
9.160114,1.014218,0.016133
9.170115,1.014177,0.016147
9.180115,1.014135,0.016157
9.190115,1.014094,0.016169
9.200115,1.014053,0.016180
9.210115,1.014012,0.016192
9.220116,1.013971,0.016201
9.230116,1.013930,0.016213
9.240116,1.013889,0.016224
9.250116,1.013849,0.016235
9.260117,1.013808,0.016246
9.270117,1.013768,0.016257
9.280117,1.013728,0.016268
9.290117,1.013688,0.016278
9.300117,1.013648,0.016289
9.310118,1.013608,0.016301
9.320118,1.013568,0.016312
9.330118,1.013528,0.016323
9.340118,1.013489,0.016334
9.350119,1.013449,0.016345
9.360119,1.013410,0.016355
9.370119,1.013371,0.016365
9.380119,1.013332,0.016376
9.390120,1.013293,0.016386
9.400120,1.013254,0.016396
9.410120,1.013216,0.016408
9.420120,1.013177,0.016418
9.430120,1.013139,0.016429
9.440121,1.013100,0.016439
9.450121,1.013062,0.016449
9.460121,1.013024,0.016460
9.470121,1.012986,0.016470
9.480122,1.012948,0.016480
9.490122,1.012910,0.016492
9.500122,1.012872,0.016501
9.510122,1.012834,0.016512
9.520123,1.012797,0.016521
9.530123,1.012760,0.016532
9.540123,1.012722,0.016541
9.550123,1.012685,0.016551
9.560123,1.012648,0.016562
9.570124,1.012611,0.016572
9.580124,1.012575,0.016582
9.590124,1.012538,0.016592
9.600124,1.012501,0.016602
9.610125,1.012465,0.016612
9.620125,1.012428,0.016623
9.630125,1.012392,0.016632
9.640125,1.012356,0.016642
9.650126,1.012320,0.016652
9.660126,1.012284,0.016662
9.670126,1.012248,0.016671
9.680126,1.012212,0.016681
9.690126,1.012176,0.016690
9.700127,1.012141,0.016700
9.710127,1.012105,0.016709
9.720127,1.012070,0.016719
9.730127,1.012035,0.016730
9.740128,1.012000,0.016738
9.750128,1.011965,0.016748
9.760128,1.011930,0.016757
9.770128,1.011895,0.016767
9.780128,1.011860,0.016776
9.790129,1.011825,0.016787
9.800129,1.011791,0.016795
9.810129,1.011756,0.016805
9.820129,1.011722,0.016814
9.830130,1.011688,0.016825
9.840130,1.011654,0.016833
9.850130,1.011620,0.016842
9.860130,1.011586,0.016851
9.870131,1.011552,0.016860
9.880131,1.011518,0.016870
9.890131,1.011485,0.016878
9.900131,1.011451,0.016888
9.910131,1.011418,0.016896
9.920132,1.011384,0.016906
9.930132,1.011351,0.016915
9.940132,1.011318,0.016924
9.950132,1.011285,0.016932
9.960133,1.011252,0.016943
9.970133,1.011219,0.016951
9.980133,1.011186,0.016960
9.990133,1.011154,0.016969
10.000134,1.011121,0.016979
10.010134,1.011088,0.016987
10.020134,1.011056,0.016996
10.030134,1.011024,0.017003
10.040134,1.010992,0.017014
10.050135,1.010960,0.017021
10.060135,1.010928,0.017030
10.070135,1.010896,0.017038
10.080135,1.010864,0.017048
10.090136,1.010832,0.017056
10.100136,1.010801,0.017064
10.110136,1.010769,0.017074
10.120136,1.010738,0.017082
10.130136,1.010706,0.017090
10.140137,1.010675,0.017098
10.150137,1.010644,0.017108
10.160137,1.010613,0.017116
10.170137,1.010582,0.017124
10.180138,1.010551,0.017132
10.190138,1.010520,0.017142
10.200138,1.010489,0.017149
10.210138,1.010458,0.017158
10.220139,1.010428,0.017166
10.230139,1.010398,0.017174
10.240139,1.010367,0.017182
10.250139,1.010337,0.017191
10.260139,1.010307,0.017198
10.270140,1.010277,0.017207
10.280140,1.010247,0.017216
10.290140,1.010217,0.017223
10.300140,1.010187,0.017231
10.310141,1.010157,0.017240
10.320141,1.010128,0.017248
10.330141,1.010098,0.017256
10.340141,1.010069,0.017263
10.350142,1.010039,0.017272
10.360142,1.010010,0.017279
10.370142,1.009981,0.017288
10.380142,1.009951,0.017296
10.390142,1.009922,0.017304
10.400143,1.009893,0.017312
10.410143,1.009864,0.017320
10.420143,1.009835,0.017327
10.430143,1.009807,0.017334
10.440144,1.009778,0.017343
10.450144,1.009750,0.017350
10.460144,1.009721,0.017359
10.470144,1.009693,0.017365
10.480145,1.009665,0.017373
10.490145,1.009636,0.017382
10.500145,1.009608,0.017389
10.510145,1.009580,0.017396
10.520145,1.009552,0.017405
10.530146,1.009524,0.017411
10.540146,1.009497,0.017419
10.550146,1.009469,0.017427
10.560146,1.009441,0.017434
10.570147,1.009413,0.017443
10.580147,1.009386,0.017449
10.590147,1.009359,0.017457
10.600147,1.009331,0.017465
10.610147,1.009304,0.017472
10.620148,1.009277,0.017480
10.630148,1.009249,0.017488
10.640148,1.009223,0.017493
10.650148,1.009196,0.017502
10.660149,1.009169,0.017508
10.670149,1.009142,0.017516
10.680149,1.009115,0.017524
10.690149,1.009089,0.017530
10.700150,1.009062,0.017537
10.710150,1.009036,0.017545
10.720150,1.009009,0.017551
10.730150,1.008983,0.017560
10.740150,1.008957,0.017566
10.750151,1.008931,0.017573
10.760151,1.008905,0.017581
10.770151,1.008879,0.017587
10.780151,1.008853,0.017595
10.790152,1.008827,0.017601
10.800152,1.008801,0.017609
10.810152,1.008775,0.017616
10.820152,1.008750,0.017622
10.830153,1.008724,0.017631
10.840153,1.008699,0.017637
10.850153,1.008673,0.017645
10.860153,1.008648,0.017651
10.870153,1.008623,0.017657
10.880154,1.008597,0.017665
10.890154,1.008572,0.017670
10.900154,1.008547,0.017678
10.910154,1.008522,0.017684
10.920155,1.008497,0.017692
10.930155,1.008473,0.017698
10.940155,1.008448,0.017704
10.950155,1.008423,0.017712
10.960155,1.008399,0.017718
10.970156,1.008374,0.017725
10.980156,1.008350,0.017731
10.990156,1.008325,0.017739
11.000156,1.008301,0.017744
11.010157,1.008277,0.017751
11.020157,1.008253,0.017758
11.030157,1.008229,0.017764
11.040157,1.008204,0.017772
11.050158,1.008180,0.017777
11.060158,1.008157,0.017785
11.070158,1.008133,0.017790
11.080158,1.008109,0.017799
11.090158,1.008085,0.017804
11.100159,1.008061,0.017812
11.110159,1.008038,0.017816
11.120159,1.008014,0.017824
11.130159,1.007991,0.017829
11.140160,1.007968,0.017835
11.150160,1.007945,0.017842
11.160160,1.007921,0.017847
11.170160,1.007898,0.017855
11.180161,1.007875,0.017860
11.190161,1.007852,0.017867
11.200161,1.007829,0.017872
11.210161,1.007807,0.017880
11.220161,1.007784,0.017885
11.230162,1.007761,0.017893
11.240162,1.007738,0.017897
11.250162,1.007716,0.017905
11.260162,1.007693,0.017910
11.270163,1.007671,0.017917
11.280163,1.007648,0.017922
11.290163,1.007626,0.017930
11.300163,1.007604,0.017935
11.310163,1.007581,0.017942
11.320164,1.007559,0.017947
11.330164,1.007537,0.017955
11.340164,1.007515,0.017959
11.350164,1.007493,0.017966
11.360165,1.007471,0.017972
11.370165,1.007449,0.017976
11.380165,1.007428,0.017983
11.390165,1.007406,0.017987
11.400166,1.007384,0.017995
11.410166,1.007363,0.017999
11.420166,1.007342,0.018006
11.430166,1.007320,0.018012
11.440166,1.007299,0.018017
11.450167,1.007277,0.018024
11.460167,1.007256,0.018028
11.470167,1.007235,0.018036
11.480167,1.007214,0.018040
11.490168,1.007193,0.018047
11.500168,1.007172,0.018051
11.510168,1.007151,0.018059
11.520168,1.007130,0.018063
11.530169,1.007109,0.018070
11.540169,1.007088,0.018074
11.550169,1.007068,0.018081
11.560169,1.007047,0.018085
11.570169,1.007026,0.018093
11.580170,1.007006,0.018097
11.590170,1.006985,0.018104
11.600170,1.006965,0.018108
11.610170,1.006945,0.018115
11.620171,1.006924,0.018119
11.630171,1.006904,0.018126
11.640171,1.006884,0.018130
11.650171,1.006864,0.018137
11.660172,1.006844,0.018141
11.670172,1.006824,0.018147
11.680172,1.006804,0.018152
11.690172,1.006784,0.018157
11.700172,1.006764,0.018163
11.710173,1.006745,0.018167
11.720173,1.006725,0.018174
11.730173,1.006705,0.018178
11.740173,1.006686,0.018184
11.750174,1.006666,0.018189
11.760174,1.006647,0.018194
11.770174,1.006627,0.018200
11.780174,1.006608,0.018204
11.790174,1.006589,0.018211
11.800175,1.006570,0.018215
11.810175,1.006550,0.018221
11.820175,1.006531,0.018225
11.830175,1.006512,0.018231
11.840176,1.006493,0.018236
11.850176,1.006474,0.018241
11.860176,1.006455,0.018247
11.870176,1.006436,0.018251
11.880177,1.006418,0.018258
11.890177,1.006399,0.018261
11.900177,1.006380,0.018268
11.910177,1.006361,0.018273
11.920177,1.006343,0.018277
11.930178,1.006324,0.018283
11.940178,1.006306,0.018287
11.950178,1.006287,0.018294
11.960178,1.006269,0.018297
11.970179,1.006251,0.018302
11.980179,1.006233,0.018308
11.990179,1.006214,0.018311
12.000179,1.006196,0.018317
12.010180,1.006178,0.018321
12.020180,1.006160,0.018327
12.030180,1.006142,0.018332
12.040180,1.006124,0.018336
12.050180,1.006106,0.018342
12.060181,1.006089,0.018345
12.070181,1.006071,0.018351
12.080181,1.006053,0.018356
12.090181,1.006036,0.018360
12.100182,1.006018,0.018366
12.110182,1.006000,0.018369
12.120182,1.005983,0.018375
12.130182,1.005965,0.018380
12.140182,1.005948,0.018384
12.150183,1.005931,0.018390
12.160183,1.005913,0.018393
12.170183,1.005896,0.018399
12.180183,1.005879,0.018404
12.190184,1.005862,0.018408
12.200184,1.005844,0.018413
12.210184,1.005827,0.018417
12.220184,1.005810,0.018423
12.230185,1.005793,0.018427
12.240185,1.005776,0.018431
12.250185,1.005759,0.018437
12.260185,1.005743,0.018440
12.270185,1.005726,0.018446
12.280186,1.005709,0.018450
12.290186,1.005692,0.018454
12.300186,1.005676,0.018460
12.310186,1.005659,0.018462
12.320187,1.005643,0.018468
12.330187,1.005626,0.018472
12.340187,1.005610,0.018476
12.350187,1.005594,0.018481
12.360188,1.005577,0.018485
12.370188,1.005561,0.018489
12.380188,1.005545,0.018494
12.390188,1.005529,0.018499
12.400188,1.005512,0.018502
12.410189,1.005496,0.018507
12.420189,1.005480,0.018510
12.430189,1.005464,0.018516
12.440189,1.005448,0.018520
12.450190,1.005433,0.018524
12.460190,1.005417,0.018529
12.470190,1.005401,0.018533
12.480190,1.005385,0.018537
12.490191,1.005369,0.018542
12.500191,1.005354,0.018546
12.510191,1.005338,0.018550
12.520191,1.005322,0.018555
12.530191,1.005307,0.018559
12.540192,1.005291,0.018563
12.550192,1.005276,0.018568
12.560192,1.005260,0.018571
12.570192,1.005245,0.018576
12.580193,1.005230,0.018580
12.590193,1.005214,0.018584
12.600193,1.005199,0.018589
12.610193,1.005184,0.018593
12.620193,1.005169,0.018596
12.630194,1.005154,0.018601
12.640194,1.005139,0.018605
12.650194,1.005123,0.018609
12.660194,1.005108,0.018614
12.670195,1.005093,0.018618
12.680195,1.005079,0.018622
12.690195,1.005064,0.018625
12.700195,1.005049,0.018630
12.710196,1.005034,0.018632
12.720196,1.005020,0.018638
12.730196,1.005005,0.018641
12.740196,1.004990,0.018644
12.750196,1.004976,0.018649
12.760197,1.004961,0.018653
12.770197,1.004947,0.018656
12.780197,1.004933,0.018661
12.790197,1.004918,0.018665
12.800198,1.004904,0.018668
12.810198,1.004889,0.018673
12.820198,1.004875,0.018676
12.830198,1.004861,0.018679
12.840199,1.004847,0.018684
12.850199,1.004833,0.018688
12.860199,1.004819,0.018691
12.870199,1.004804,0.018696
12.880199,1.004790,0.018699
12.890200,1.004776,0.018702
12.900200,1.004763,0.018707
12.910200,1.004749,0.018711
12.920200,1.004735,0.018714
12.930201,1.004721,0.018718
12.940201,1.004707,0.018722
12.950201,1.004693,0.018725
12.960201,1.004680,0.018730
12.970201,1.004666,0.018733
12.980202,1.004652,0.018738
12.990202,1.004639,0.018740
13.000202,1.004625,0.018745
13.010202,1.004611,0.018749
13.020203,1.004598,0.018752
13.030203,1.004585,0.018756
13.040203,1.004571,0.018760
13.050203,1.004558,0.018763
13.060204,1.004544,0.018767
13.070204,1.004531,0.018771
13.080204,1.004518,0.018774
13.090204,1.004505,0.018779
13.100204,1.004491,0.018782
13.110205,1.004478,0.018785
13.120205,1.004465,0.018788
13.130205,1.004452,0.018792
13.140205,1.004439,0.018796
13.150206,1.004426,0.018798
13.160206,1.004413,0.018802
13.170206,1.004401,0.018806
13.180206,1.004388,0.018808
13.190207,1.004375,0.018812
13.200207,1.004362,0.018816
13.210207,1.004350,0.018820
13.220207,1.004337,0.018822
13.230207,1.004324,0.018826
13.240208,1.004312,0.018830
13.250208,1.004299,0.018832
13.260208,1.004287,0.018836
13.270208,1.004274,0.018840
13.280209,1.004262,0.018843
13.290209,1.004249,0.018846
13.300209,1.004237,0.018850
13.310209,1.004224,0.018853
13.320210,1.004212,0.018856
13.330210,1.004200,0.018860
13.340210,1.004188,0.018863
13.350210,1.004175,0.018867
13.360210,1.004163,0.018869
13.370211,1.004151,0.018873
13.380211,1.004139,0.018877
13.390211,1.004127,0.018881
13.400211,1.004115,0.018883
13.410212,1.004103,0.018887
13.420212,1.004091,0.018890
13.430212,1.004079,0.018893
13.440212,1.004067,0.018897
13.450212,1.004055,0.018900
13.460213,1.004043,0.018904
13.470213,1.004031,0.018906
13.480213,1.004019,0.018910
13.490213,1.004007,0.018913
13.500214,1.003996,0.018916
13.510214,1.003984,0.018919
13.520214,1.003972,0.018923
13.530214,1.003961,0.018926
13.540215,1.003949,0.018928
13.550215,1.003938,0.018933
13.560215,1.003926,0.018936
13.570215,1.003914,0.018939
13.580215,1.003903,0.018941
13.590216,1.003892,0.018946
13.600216,1.003880,0.018949
13.610216,1.003869,0.018950
13.620216,1.003858,0.018954
13.630217,1.003847,0.018956
13.640217,1.003835,0.018960
13.650217,1.003824,0.018963
13.660217,1.003813,0.018965
13.670218,1.003802,0.018969
13.680218,1.003791,0.018972
13.690218,1.003780,0.018975
13.700218,1.003769,0.018977
13.710218,1.003758,0.018981
13.720219,1.003747,0.018983
13.730219,1.003736,0.018987
13.740219,1.003725,0.018989
13.750219,1.003714,0.018992
13.760220,1.003703,0.018995
13.770220,1.003693,0.018999
13.780220,1.003682,0.019000
13.790220,1.003671,0.019004
13.800220,1.003660,0.019007
13.810221,1.003650,0.019010
13.820221,1.003639,0.019012
13.830221,1.003628,0.019016
13.840221,1.003618,0.019018
13.850222,1.003607,0.019022
13.860222,1.003597,0.019023
13.870222,1.003586,0.019027
13.880222,1.003576,0.019030
13.890223,1.003565,0.019033
13.900223,1.003555,0.019035
13.910223,1.003544,0.019039
13.920223,1.003534,0.019041
13.930223,1.003524,0.019045
13.940224,1.003513,0.019046
13.950224,1.003503,0.019050
13.960224,1.003493,0.019053
13.970224,1.003483,0.019056
13.980225,1.003473,0.019057
13.990225,1.003462,0.019061
14.000225,1.003452,0.019064
14.010225,1.003442,0.019067
14.020226,1.003432,0.019070
14.030226,1.003422,0.019072
14.040226,1.003412,0.019075
14.050226,1.003402,0.019078
14.060226,1.003392,0.019081
14.070227,1.003382,0.019083
14.080227,1.003372,0.019086
14.090227,1.003362,0.019089
14.100227,1.003352,0.019092
14.110228,1.003343,0.019094
14.120228,1.003333,0.019097
14.130228,1.003323,0.019100
14.140228,1.003313,0.019103
14.150229,1.003304,0.019106
14.160229,1.003294,0.019107
14.170229,1.003284,0.019111
14.180229,1.003275,0.019112
14.190229,1.003265,0.019116
14.200230,1.003256,0.019117
14.210230,1.003246,0.019120
14.220230,1.003237,0.019122
14.230230,1.003227,0.019125
14.240231,1.003218,0.019128
14.250231,1.003209,0.019129
14.260231,1.003199,0.019132
14.270231,1.003190,0.019135
14.280231,1.003181,0.019138
14.290232,1.003172,0.019140
14.300232,1.003162,0.019142
14.310232,1.003153,0.019145
14.320232,1.003144,0.019147
14.330233,1.003135,0.019150
14.340233,1.003126,0.019152
14.350233,1.003117,0.019154
14.360233,1.003108,0.019157
14.370234,1.003098,0.019159
14.380234,1.003089,0.019162
14.390234,1.003080,0.019165
14.400234,1.003071,0.019166
14.410234,1.003062,0.019169
14.420235,1.003054,0.019172
14.430235,1.003045,0.019174
14.440235,1.003036,0.019177
14.450235,1.003027,0.019178
14.460236,1.003018,0.019181
14.470236,1.003009,0.019184
14.480236,1.003000,0.019187
14.490236,1.002992,0.019189
14.500237,1.002983,0.019190
14.510237,1.002974,0.019194
14.520237,1.002965,0.019196
14.530237,1.002957,0.019199
14.540237,1.002948,0.019201
14.550238,1.002939,0.019202
14.560238,1.002931,0.019206
14.570238,1.002922,0.019208
14.580238,1.002914,0.019211
14.590239,1.002905,0.019213
14.600239,1.002897,0.019214
14.610239,1.002888,0.019217
14.620239,1.002880,0.019220
14.630239,1.002871,0.019222
14.640240,1.002863,0.019225
14.650240,1.002854,0.019226
14.660240,1.002846,0.019229
14.670240,1.002838,0.019231
14.680241,1.002829,0.019234
14.690241,1.002821,0.019236
14.700241,1.002813,0.019238
14.710241,1.002805,0.019241
14.720242,1.002796,0.019243
14.730242,1.002788,0.019246
14.740242,1.002780,0.019248
14.750242,1.002772,0.019249
14.760242,1.002764,0.019252
14.770243,1.002756,0.019254
14.780243,1.002748,0.019257
14.790243,1.002739,0.019259
14.800243,1.002731,0.019260
14.810244,1.002723,0.019263
14.820244,1.002715,0.019265
14.830244,1.002707,0.019268
14.840244,1.002699,0.019270
14.850245,1.002692,0.019272
14.860245,1.002684,0.019275
14.870245,1.002676,0.019275
14.880245,1.002668,0.019278
14.890245,1.002661,0.019280
14.900246,1.002653,0.019282
14.910246,1.002645,0.019283
14.920246,1.002638,0.019286
14.930246,1.002630,0.019287
14.940247,1.002622,0.019290
14.950247,1.002615,0.019292
14.960247,1.002607,0.019294
14.970247,1.002599,0.019295
14.980247,1.002592,0.019298
14.990248,1.002584,0.019299
